<?xml version="1.0" encoding="utf-8" ?>
<dwsync>
<file name="twitter-icon.jpg" server="ftp.hueartgraphics.com" local="130417343252443129" remote="130417868400000000" Dst="2" />
<file name="twitter-icon-dimmed.jpg" server="ftp.hueartgraphics.com" local="130417341142952473" remote="130417868400000000" Dst="2" />
<file name="rss-feed-icon.jpg" server="ftp.hueartgraphics.com" local="130417338022914017" remote="130417868400000000" Dst="2" />
<file name="rss-feed-icon-dimmed.jpg" server="ftp.hueartgraphics.com" local="130417340812143552" remote="130417868400000000" Dst="2" />
<file name="pintrist-icon.jpg" server="ftp.hueartgraphics.com" local="130417338593166634" remote="130417868400000000" Dst="2" />
<file name="pintrist-icon-dimmed.jpg" server="ftp.hueartgraphics.com" local="130417339214412167" remote="130417868400000000" Dst="2" />
<file name="facebook-icon.jpg" server="ftp.hueartgraphics.com" local="130417339845818281" remote="130417868400000000" Dst="2" />
<file name="facebook-icon-dimmed.jpg" server="ftp.hueartgraphics.com" local="130417339687569230" remote="130417868400000000" Dst="2" />
</dwsync>